timestamp,minute,stock,side,benchmark_execution_price,signal_trigger_time,execution_time,execution_price,whether_forced_execution,improvement,improvement_bps
2024-01-01 09:30:00,2024-01-01 09:30:00,AMZN,BUY,223.95,2024-01-01 09:30:07,2024-01-01 09:30:08,224.07,False,-0.12000000000000455,-5.358338914936573
2024-01-01 09:31:00,2024-01-01 09:31:00,AMZN,BUY,224.35,2024-01-01 09:31:00,2024-01-01 09:31:01,224.35,False,0.0,0.0
2024-01-01 09:32:00,2024-01-01 09:32:00,AMZN,BUY,223.7,2024-01-01 09:32:06,2024-01-01 09:32:07,223.89,False,-0.18999999999999773,-8.493518104604279
2024-01-01 09:33:00,2024-01-01 09:33:00,AMZN,BUY,223.79,2024-01-01 09:33:01,2024-01-01 09:33:02,223.79,False,0.0,0.0
2024-01-01 09:34:00,2024-01-01 09:34:00,AMZN,BUY,224.2,2024-01-01 09:34:01,2024-01-01 09:34:02,224.2,False,0.0,0.0
2024-01-01 09:35:00,2024-01-01 09:35:00,AMZN,BUY,224.32,2024-01-01 09:35:00,2024-01-01 09:35:01,224.32,False,0.0,0.0
2024-01-01 09:36:00,2024-01-01 09:36:00,AMZN,BUY,224.13,2024-01-01 09:36:05,2024-01-01 09:36:06,223.99,False,0.13999999999998636,6.246374871725622
2024-01-01 09:37:00,2024-01-01 09:37:00,AMZN,BUY,224.17,2024-01-01 09:37:11,2024-01-01 09:37:12,224.15,False,0.01999999999998181,0.8921800419316506
2024-01-01 09:38:00,2024-01-01 09:38:00,AMZN,BUY,224.2,2024-01-01 09:38:03,2024-01-01 09:38:04,224.16,False,0.03999999999999204,1.7841213202494222
2024-01-01 09:39:00,2024-01-01 09:39:00,AMZN,BUY,223.98,2024-01-01 09:39:04,2024-01-01 09:39:05,223.97,False,0.009999999999990905,0.44646843468126196
2024-01-01 09:40:00,2024-01-01 09:40:00,AMZN,BUY,224.17,2024-01-01 09:40:22,2024-01-01 09:40:23,224.01,False,0.1599999999999966,7.137440335459544
2024-01-01 09:41:00,2024-01-01 09:41:00,AMZN,BUY,224.5,2024-01-01 09:41:05,2024-01-01 09:41:06,224.41,False,0.09000000000000341,4.008908685968971
2024-01-01 09:42:00,2024-01-01 09:42:00,AMZN,BUY,224.18,2024-01-01 09:42:00,2024-01-01 09:42:01,224.18,False,0.0,0.0
2024-01-01 09:43:00,2024-01-01 09:43:00,AMZN,BUY,223.99,2024-01-01 09:43:05,2024-01-01 09:43:06,223.99,False,0.0,0.0
2024-01-01 09:44:00,2024-01-01 09:44:00,AMZN,BUY,223.98,2024-01-01 09:44:06,2024-01-01 09:44:07,223.94,False,0.03999999999999204,1.7858737387263168
2024-01-01 09:45:00,2024-01-01 09:45:00,AMZN,BUY,223.91,2024-01-01 09:45:01,2024-01-01 09:45:02,223.77,False,0.13999999999998636,6.252512170067722
2024-01-01 09:46:00,2024-01-01 09:46:00,AMZN,BUY,223.69,2024-01-01 09:46:07,2024-01-01 09:46:08,223.66,False,0.030000000000001137,1.3411417586839438
2024-01-01 09:47:00,2024-01-01 09:47:00,AMZN,BUY,223.73,2024-01-01 09:47:08,2024-01-01 09:47:09,223.73,False,0.0,0.0
2024-01-01 09:48:00,2024-01-01 09:48:00,AMZN,BUY,223.81,2024-01-01 09:48:00,2024-01-01 09:48:01,223.81,False,0.0,0.0
2024-01-01 09:49:00,2024-01-01 09:49:00,AMZN,BUY,224.1,2024-01-01 09:49:00,2024-01-01 09:49:01,224.1,False,0.0,0.0
2024-01-01 09:50:00,2024-01-01 09:50:00,AMZN,BUY,224.02,2024-01-01 09:50:03,2024-01-01 09:50:04,223.99,False,0.030000000000001137,1.339166145879883
2024-01-01 09:51:00,2024-01-01 09:51:00,AMZN,BUY,223.95,2024-01-01 09:51:00,2024-01-01 09:51:01,223.95,False,0.0,0.0
2024-01-01 09:52:00,2024-01-01 09:52:00,AMZN,BUY,224.0,2024-01-01 09:52:26,2024-01-01 09:52:27,224.09,False,-0.09000000000000341,-4.017857142857295
2024-01-01 09:53:00,2024-01-01 09:53:00,AMZN,BUY,224.5,2024-01-01 09:53:21,2024-01-01 09:53:22,224.41,False,0.09000000000000341,4.008908685968971
2024-01-01 09:54:00,2024-01-01 09:54:00,AMZN,BUY,224.5,2024-01-01 09:54:19,2024-01-01 09:54:20,224.33,False,0.1699999999999875,7.572383073496102
2024-01-01 09:55:00,2024-01-01 09:55:00,AMZN,BUY,224.31,2024-01-01 09:55:00,2024-01-01 09:55:01,224.31,False,0.0,0.0
2024-01-01 09:56:00,2024-01-01 09:56:00,AMZN,BUY,224.38,2024-01-01 09:56:21,2024-01-01 09:56:22,224.28,False,0.09999999999999432,4.456725198324018
2024-01-01 09:57:00,2024-01-01 09:57:00,AMZN,BUY,224.39,2024-01-01 09:57:00,2024-01-01 09:57:01,224.39,False,0.0,0.0
2024-01-01 09:58:00,2024-01-01 09:58:00,AMZN,BUY,224.43,2024-01-01 09:58:00,2024-01-01 09:58:01,224.43,False,0.0,0.0
2024-01-01 09:59:00,2024-01-01 09:59:00,AMZN,BUY,224.5,2024-01-01 09:59:01,2024-01-01 09:59:02,224.44,False,0.060000000000002274,2.672605790645981
2024-01-01 10:00:00,2024-01-01 10:00:00,AMZN,BUY,224.05,2024-01-01 10:00:06,2024-01-01 10:00:07,223.83,False,0.21999999999999886,9.81923677750497
2024-01-01 10:01:00,2024-01-01 10:01:00,AMZN,BUY,223.57,2024-01-01 10:01:02,2024-01-01 10:01:03,223.46,False,0.10999999999998522,4.920159234243647
2024-01-01 10:02:00,2024-01-01 10:02:00,AMZN,BUY,223.75,2024-01-01 10:02:00,2024-01-01 10:02:01,223.88,False,-0.12999999999999545,-5.810055865921584
2024-01-01 10:03:00,2024-01-01 10:03:00,AMZN,BUY,223.75,2024-01-01 10:03:01,2024-01-01 10:03:02,223.72,False,0.030000000000001137,1.340782122905079
2024-01-01 10:04:00,2024-01-01 10:04:00,AMZN,BUY,223.75,2024-01-01 10:04:07,2024-01-01 10:04:08,223.75,False,0.0,0.0
2024-01-01 10:05:00,2024-01-01 10:05:00,AMZN,BUY,223.5,2024-01-01 10:05:09,2024-01-01 10:05:10,223.55,False,-0.05000000000001137,-2.2371364653248933
2024-01-01 10:06:00,2024-01-01 10:06:00,AMZN,BUY,223.45,2024-01-01 10:06:03,2024-01-01 10:06:04,223.38,False,0.06999999999999318,3.132691877377184
2024-01-01 10:07:00,2024-01-01 10:07:00,AMZN,BUY,223.41,2024-01-01 10:07:00,2024-01-01 10:07:01,223.49,False,-0.0800000000000125,-3.5808603016880403
2024-01-01 10:08:00,2024-01-01 10:08:00,AMZN,BUY,223.13,2024-01-01 10:08:01,2024-01-01 10:08:02,223.14,False,-0.009999999999990905,-0.4481692287003498
2024-01-01 10:09:00,2024-01-01 10:09:00,AMZN,BUY,223.14,2024-01-01 10:09:20,2024-01-01 10:09:21,223.25,False,-0.11000000000001364,-4.929640584387095
2024-01-01 10:10:00,2024-01-01 10:10:00,AMZN,BUY,223.31,2024-01-01 10:10:00,2024-01-01 10:10:01,223.28,False,0.030000000000001137,1.3434239398146584
2024-01-01 10:11:00,2024-01-01 10:11:00,AMZN,BUY,223.51,2024-01-01 10:11:05,2024-01-01 10:11:06,223.47,False,0.03999999999999204,1.7896290993687998
2024-01-01 10:12:00,2024-01-01 10:12:00,AMZN,BUY,223.6,2024-01-01 10:12:00,2024-01-01 10:12:01,223.6,False,0.0,0.0
2024-01-01 10:13:00,2024-01-01 10:13:00,AMZN,BUY,223.71,2024-01-01 10:13:21,2024-01-01 10:13:22,223.68,False,0.030000000000001137,1.341021858656347
2024-01-01 10:14:00,2024-01-01 10:14:00,AMZN,BUY,223.58,2024-01-01 10:14:01,2024-01-01 10:14:02,223.5,False,0.0800000000000125,3.5781375793904866
2024-01-01 10:15:00,2024-01-01 10:15:00,AMZN,BUY,223.7,2024-01-01 10:15:00,2024-01-01 10:15:01,223.7,False,0.0,0.0
2024-01-01 10:16:00,2024-01-01 10:16:00,AMZN,BUY,223.71,2024-01-01 10:16:04,2024-01-01 10:16:05,223.71,False,0.0,0.0
2024-01-01 10:17:00,2024-01-01 10:17:00,AMZN,BUY,223.96,2024-01-01 10:17:09,2024-01-01 10:17:10,223.9,False,0.060000000000002274,2.6790498303269454
2024-01-01 10:18:00,2024-01-01 10:18:00,AMZN,BUY,223.96,2024-01-01 10:18:05,2024-01-01 10:18:06,223.85,False,0.11000000000001364,4.911591355599823
2024-01-01 10:19:00,2024-01-01 10:19:00,AMZN,BUY,223.88,2024-01-01 10:19:12,2024-01-01 10:19:13,223.9,False,-0.020000000000010232,-0.8933357155623652
2024-01-01 10:20:00,2024-01-01 10:20:00,AMZN,BUY,223.81,2024-01-01 10:20:00,2024-01-01 10:20:01,223.81,False,0.0,0.0
2024-01-01 10:21:00,2024-01-01 10:21:00,AMZN,BUY,224.15,2024-01-01 10:21:13,2024-01-01 10:21:14,224.22,False,-0.06999999999999318,-3.122908766450733
2024-01-01 10:22:00,2024-01-01 10:22:00,AMZN,BUY,224.19,2024-01-01 10:22:03,2024-01-01 10:22:04,224.17,False,0.020000000000010232,0.8921004505111839
2024-01-01 10:23:00,2024-01-01 10:23:00,AMZN,BUY,223.99,2024-01-01 10:23:24,2024-01-01 10:23:25,223.95,False,0.040000000000020464,1.7857940086620145
2024-01-01 10:24:00,2024-01-01 10:24:00,AMZN,BUY,223.93,2024-01-01 10:24:12,2024-01-01 10:24:13,223.92,False,0.010000000000019327,0.4465681239681743
2024-01-01 10:25:00,2024-01-01 10:25:00,AMZN,BUY,223.98,2024-01-01 10:25:02,2024-01-01 10:25:03,223.91,False,0.06999999999999318,3.1252790427713717
2024-01-01 10:26:00,2024-01-01 10:26:00,AMZN,BUY,223.69,2024-01-01 10:26:01,2024-01-01 10:26:02,223.69,False,0.0,0.0
2024-01-01 10:27:00,2024-01-01 10:27:00,AMZN,BUY,223.61,2024-01-01 10:27:00,2024-01-01 10:27:01,223.68,False,-0.06999999999999318,-3.130450337641124
2024-01-01 10:28:00,2024-01-01 10:28:00,AMZN,BUY,223.84,2024-01-01 10:28:19,2024-01-01 10:28:20,223.84,False,0.0,0.0
2024-01-01 10:29:00,2024-01-01 10:29:00,AMZN,BUY,223.8,2024-01-01 10:29:00,2024-01-01 10:29:01,223.8,False,0.0,0.0
2024-01-01 10:30:00,2024-01-01 10:30:00,AMZN,BUY,223.98,2024-01-01 10:30:04,2024-01-01 10:30:05,223.88,False,0.09999999999999432,4.464684346816426
2024-01-01 10:31:00,2024-01-01 10:31:00,AMZN,BUY,223.88,2024-01-01 10:31:10,2024-01-01 10:31:11,223.9,False,-0.020000000000010232,-0.8933357155623652
2024-01-01 10:32:00,2024-01-01 10:32:00,AMZN,BUY,224.08,2024-01-01 10:32:06,2024-01-01 10:32:07,224.09,False,-0.009999999999990905,-0.4462691895747459
2024-01-01 10:33:00,2024-01-01 10:33:00,AMZN,BUY,224.07,2024-01-01 10:33:00,2024-01-01 10:33:01,224.07,False,0.0,0.0
2024-01-01 10:34:00,2024-01-01 10:34:00,AMZN,BUY,223.98,2024-01-01 10:34:08,2024-01-01 10:34:09,224.09,False,-0.11000000000001364,-4.9111527814989575
2024-01-01 10:35:00,2024-01-01 10:35:00,AMZN,BUY,224.31,2024-01-01 10:35:15,2024-01-01 10:35:16,224.29,False,0.020000000000010232,0.891623200036121
2024-01-01 10:36:00,2024-01-01 10:36:00,AMZN,BUY,224.4,2024-01-01 10:36:03,2024-01-01 10:36:04,224.4,False,0.0,0.0
2024-01-01 10:37:00,2024-01-01 10:37:00,AMZN,BUY,224.22,2024-01-01 10:37:13,2024-01-01 10:37:14,224.35,False,-0.12999999999999545,-5.797877085005595
2024-01-01 10:38:00,2024-01-01 10:38:00,AMZN,BUY,224.2,2024-01-01 10:38:00,2024-01-01 10:38:01,224.2,False,0.0,0.0
2024-01-01 10:39:00,2024-01-01 10:39:00,AMZN,BUY,224.22,2024-01-01 10:39:19,2024-01-01 10:39:20,224.13,False,0.09000000000000341,4.0139149050041665
2024-01-01 10:40:00,2024-01-01 10:40:00,AMZN,BUY,224.16,2024-01-01 10:40:02,2024-01-01 10:40:03,224.07,False,0.09000000000000341,4.014989293362037
2024-01-01 10:41:00,2024-01-01 10:41:00,AMZN,BUY,224.15,2024-01-01 10:41:04,2024-01-01 10:41:05,224.17,False,-0.01999999999998181,-0.8922596475566277
2024-01-01 10:42:00,2024-01-01 10:42:00,AMZN,BUY,224.35,2024-01-01 10:42:07,2024-01-01 10:42:08,224.29,False,0.060000000000002274,2.6743926899934154
2024-01-01 10:43:00,2024-01-01 10:43:00,AMZN,BUY,224.37,2024-01-01 10:43:15,2024-01-01 10:43:16,224.37,False,0.0,0.0
2024-01-01 10:44:00,2024-01-01 10:44:00,AMZN,BUY,224.3,2024-01-01 10:44:02,2024-01-01 10:44:03,224.34,False,-0.03999999999999204,-1.7833259028083837
2024-01-01 10:45:00,2024-01-01 10:45:00,AMZN,BUY,224.35,2024-01-01 10:45:11,2024-01-01 10:45:12,224.35,False,0.0,0.0
2024-01-01 10:46:00,2024-01-01 10:46:00,AMZN,BUY,224.33,2024-01-01 10:46:00,2024-01-01 10:46:01,224.44,False,-0.10999999999998522,-4.903490393615888
2024-01-01 10:47:00,2024-01-01 10:47:00,AMZN,BUY,224.45,2024-01-01 10:47:13,2024-01-01 10:47:14,224.37,False,0.07999999999998408,3.5642682111821826
2024-01-01 10:48:00,2024-01-01 10:48:00,AMZN,BUY,224.37,2024-01-01 10:48:04,2024-01-01 10:48:05,224.34,False,0.030000000000001137,1.337077149351568
2024-01-01 10:49:00,2024-01-01 10:49:00,AMZN,BUY,224.37,2024-01-01 10:49:28,2024-01-01 10:49:29,224.32,False,0.05000000000001137,2.228461915586369
2024-01-01 10:50:00,2024-01-01 10:50:00,AMZN,BUY,224.23,2024-01-01 10:50:00,2024-01-01 10:50:01,224.27,False,-0.040000000000020464,-1.7838826205244824
2024-01-01 10:51:00,2024-01-01 10:51:00,AMZN,BUY,224.37,,2024-01-01 10:51:59,224.92,True,-0.549999999999983,-24.51308107144373
2024-01-01 10:52:00,2024-01-01 10:52:00,AMZN,BUY,224.94,2024-01-01 10:52:24,2024-01-01 10:52:25,225.45,False,-0.5099999999999909,-22.6727127233925
2024-01-01 10:53:00,2024-01-01 10:53:00,AMZN,BUY,225.74,2024-01-01 10:53:15,2024-01-01 10:53:16,225.75,False,-0.009999999999990905,-0.4429875077518785
2024-01-01 10:54:00,2024-01-01 10:54:00,AMZN,BUY,225.99,2024-01-01 10:54:00,2024-01-01 10:54:01,225.99,False,0.0,0.0
2024-01-01 10:55:00,2024-01-01 10:55:00,AMZN,BUY,225.79,2024-01-01 10:55:06,2024-01-01 10:55:07,225.73,False,0.060000000000002274,2.6573364630852687
2024-01-01 10:56:00,2024-01-01 10:56:00,AMZN,BUY,225.52,2024-01-01 10:56:09,2024-01-01 10:56:10,225.44,False,0.0800000000000125,3.5473572188724947
2024-01-01 10:57:00,2024-01-01 10:57:00,AMZN,BUY,225.23,2024-01-01 10:57:12,2024-01-01 10:57:13,225.37,False,-0.14000000000001478,-6.215868223594317
2024-01-01 10:58:00,2024-01-01 10:58:00,AMZN,BUY,225.25,2024-01-01 10:58:07,2024-01-01 10:58:08,225.25,False,0.0,0.0
2024-01-01 10:59:00,2024-01-01 10:59:00,AMZN,BUY,225.18,2024-01-01 10:59:02,2024-01-01 10:59:03,225.15,False,0.030000000000001137,1.3322675193179294
2024-01-01 11:00:00,2024-01-01 11:00:00,AMZN,BUY,225.2,2024-01-01 11:00:01,2024-01-01 11:00:02,225.2,False,0.0,0.0
2024-01-01 11:01:00,2024-01-01 11:01:00,AMZN,BUY,225.09,2024-01-01 11:01:00,2024-01-01 11:01:01,225.09,False,0.0,0.0
2024-01-01 11:02:00,2024-01-01 11:02:00,AMZN,BUY,225.17,2024-01-01 11:02:00,2024-01-01 11:02:01,225.17,False,0.0,0.0
2024-01-01 11:03:00,2024-01-01 11:03:00,AMZN,BUY,224.76,2024-01-01 11:03:20,2024-01-01 11:03:21,224.75,False,0.009999999999990905,0.44491902473709316
2024-01-01 11:04:00,2024-01-01 11:04:00,AMZN,BUY,224.69,2024-01-01 11:04:31,2024-01-01 11:04:32,224.62,False,0.06999999999999318,3.115403444745791
2024-01-01 11:05:00,2024-01-01 11:05:00,AMZN,BUY,224.47,2024-01-01 11:05:37,2024-01-01 11:05:38,224.64,False,-0.1699999999999875,-7.57339510847719
2024-01-01 11:06:00,2024-01-01 11:06:00,AMZN,BUY,224.76,2024-01-01 11:06:04,2024-01-01 11:06:05,224.73,False,0.030000000000001137,1.3347570742125439
2024-01-01 11:07:00,2024-01-01 11:07:00,AMZN,BUY,224.69,2024-01-01 11:07:15,2024-01-01 11:07:16,224.75,False,-0.060000000000002274,-2.6703458097824684
2024-01-01 11:08:00,2024-01-01 11:08:00,AMZN,BUY,224.76,2024-01-01 11:08:29,2024-01-01 11:08:30,224.71,False,0.04999999999998295,2.2245951236867305
2024-01-01 11:09:00,2024-01-01 11:09:00,AMZN,BUY,224.78,2024-01-01 11:09:00,2024-01-01 11:09:01,224.78,False,0.0,0.0
2024-01-01 11:10:00,2024-01-01 11:10:00,AMZN,BUY,224.64,2024-01-01 11:10:00,2024-01-01 11:10:01,224.64,False,0.0,0.0
2024-01-01 11:11:00,2024-01-01 11:11:00,AMZN,BUY,224.72,2024-01-01 11:11:08,2024-01-01 11:11:09,224.67,False,0.05000000000001137,2.224991100036106
2024-01-01 11:12:00,2024-01-01 11:12:00,AMZN,BUY,224.68,2024-01-01 11:12:00,2024-01-01 11:12:01,224.64,False,0.040000000000020464,1.7803097739015696
2024-01-01 11:13:00,2024-01-01 11:13:00,AMZN,BUY,224.68,2024-01-01 11:13:20,2024-01-01 11:13:21,224.63,False,0.05000000000001137,2.2253872173763294
2024-01-01 11:14:00,2024-01-01 11:14:00,AMZN,BUY,224.41,2024-01-01 11:14:00,2024-01-01 11:14:01,224.41,False,0.0,0.0
2024-01-01 11:15:00,2024-01-01 11:15:00,AMZN,BUY,224.36,2024-01-01 11:15:20,2024-01-01 11:15:21,224.39,False,-0.029999999999972715,-1.337136744516523
2024-01-01 11:16:00,2024-01-01 11:16:00,AMZN,BUY,224.4,2024-01-01 11:16:15,2024-01-01 11:16:16,224.64,False,-0.23999999999998067,-10.69518716577454
2024-01-01 11:17:00,2024-01-01 11:17:00,AMZN,BUY,224.65,2024-01-01 11:17:09,2024-01-01 11:17:10,224.6,False,0.05000000000001137,2.2256843979528766
2024-01-01 11:18:00,2024-01-01 11:18:00,AMZN,BUY,224.56,2024-01-01 11:18:30,2024-01-01 11:18:31,224.65,False,-0.09000000000000341,-4.007837548984833
2024-01-01 11:19:00,2024-01-01 11:19:00,AMZN,BUY,224.65,2024-01-01 11:19:07,2024-01-01 11:19:08,224.65,False,0.0,0.0
2024-01-01 11:20:00,2024-01-01 11:20:00,AMZN,BUY,224.65,2024-01-01 11:20:09,2024-01-01 11:20:10,224.74,False,-0.09000000000000341,-4.006231916314419
2024-01-01 11:21:00,2024-01-01 11:21:00,AMZN,BUY,224.79,2024-01-01 11:21:18,2024-01-01 11:21:19,224.75,False,0.03999999999999204,1.779438587125408
2024-01-01 11:22:00,2024-01-01 11:22:00,AMZN,BUY,224.84,2024-01-01 11:22:06,2024-01-01 11:22:07,224.84,False,0.0,0.0
2024-01-01 11:23:00,2024-01-01 11:23:00,AMZN,BUY,224.77,2024-01-01 11:23:14,2024-01-01 11:23:15,224.69,False,0.0800000000000125,3.5591938425952088
2024-01-01 11:24:00,2024-01-01 11:24:00,AMZN,BUY,224.61,2024-01-01 11:24:16,2024-01-01 11:24:17,224.6,False,0.010000000000019327,0.44521615244287105
2024-01-01 11:25:00,2024-01-01 11:25:00,AMZN,BUY,224.57,2024-01-01 11:25:00,2024-01-01 11:25:01,224.57,False,0.0,0.0
2024-01-01 11:26:00,2024-01-01 11:26:00,AMZN,BUY,224.31,2024-01-01 11:26:00,2024-01-01 11:26:01,224.31,False,0.0,0.0
2024-01-01 11:27:00,2024-01-01 11:27:00,AMZN,BUY,223.95,2024-01-01 11:27:00,2024-01-01 11:27:01,223.93,False,0.01999999999998181,0.8930564858219161
2024-01-01 11:28:00,2024-01-01 11:28:00,AMZN,BUY,223.71,2024-01-01 11:28:05,2024-01-01 11:28:06,223.64,False,0.0700000000000216,3.129051003532323
2024-01-01 11:29:00,2024-01-01 11:29:00,AMZN,BUY,224.18,2024-01-01 11:29:04,2024-01-01 11:29:05,224.11,False,0.06999999999999318,3.1224908555621904
2024-01-01 11:30:00,2024-01-01 11:30:00,AMZN,BUY,223.96,2024-01-01 11:30:11,2024-01-01 11:30:12,223.99,False,-0.030000000000001137,-1.3395249151634727
2024-01-01 11:31:00,2024-01-01 11:31:00,AMZN,BUY,223.88,2024-01-01 11:31:02,2024-01-01 11:31:03,223.88,False,0.0,0.0
2024-01-01 11:32:00,2024-01-01 11:32:00,AMZN,BUY,223.8,2024-01-01 11:32:48,2024-01-01 11:32:49,224.01,False,-0.20999999999997954,-9.383378016084876
2024-01-01 11:33:00,2024-01-01 11:33:00,AMZN,BUY,224.05,2024-01-01 11:33:14,2024-01-01 11:33:15,224.01,False,0.040000000000020464,1.7853157777290989
2024-01-01 11:34:00,2024-01-01 11:34:00,AMZN,BUY,223.99,2024-01-01 11:34:36,2024-01-01 11:34:37,223.97,False,0.020000000000010232,0.8928970043310073
2024-01-01 11:35:00,2024-01-01 11:35:00,AMZN,BUY,223.96,2024-01-01 11:35:22,2024-01-01 11:35:23,223.98,False,-0.01999999999998181,-0.8930166101081358
2024-01-01 11:36:00,2024-01-01 11:36:00,AMZN,BUY,223.82,2024-01-01 11:36:06,2024-01-01 11:36:07,223.78,False,0.03999999999999204,1.787150388704854
2024-01-01 11:37:00,2024-01-01 11:37:00,AMZN,BUY,223.62,2024-01-01 11:37:00,2024-01-01 11:37:01,223.62,False,0.0,0.0
2024-01-01 11:38:00,2024-01-01 11:38:00,AMZN,BUY,223.57,2024-01-01 11:38:11,2024-01-01 11:38:12,223.52,False,0.04999999999998295,2.236436015564832
2024-01-01 11:39:00,2024-01-01 11:39:00,AMZN,BUY,223.5,2024-01-01 11:39:18,2024-01-01 11:39:19,223.59,False,-0.09000000000000341,-4.026845637584046
2024-01-01 11:40:00,2024-01-01 11:40:00,AMZN,BUY,223.67,2024-01-01 11:40:13,2024-01-01 11:40:14,223.57,False,0.09999999999999432,4.470872267179073
2024-01-01 11:41:00,2024-01-01 11:41:00,AMZN,BUY,223.52,2024-01-01 11:41:02,2024-01-01 11:41:03,223.49,False,0.030000000000001137,1.3421617752326922
2024-01-01 11:42:00,2024-01-01 11:42:00,AMZN,BUY,223.57,2024-01-01 11:42:00,2024-01-01 11:42:01,223.67,False,-0.09999999999999432,-4.472872031130935
2024-01-01 11:43:00,2024-01-01 11:43:00,AMZN,BUY,223.7,2024-01-01 11:43:03,2024-01-01 11:43:04,223.7,False,0.0,0.0
2024-01-01 11:44:00,2024-01-01 11:44:00,AMZN,BUY,223.47,2024-01-01 11:44:07,2024-01-01 11:44:08,223.48,False,-0.009999999999990905,-0.44748735848171584
2024-01-01 11:45:00,2024-01-01 11:45:00,AMZN,BUY,223.63,2024-01-01 11:45:30,2024-01-01 11:45:31,223.59,False,0.03999999999999204,1.7886687832577042
2024-01-01 11:46:00,2024-01-01 11:46:00,AMZN,BUY,223.45,2024-01-01 11:46:00,2024-01-01 11:46:01,223.45,False,0.0,0.0
2024-01-01 11:47:00,2024-01-01 11:47:00,AMZN,BUY,223.4,2024-01-01 11:47:20,2024-01-01 11:47:21,223.57,False,-0.1699999999999875,-7.609668755594785
2024-01-01 11:48:00,2024-01-01 11:48:00,AMZN,BUY,223.54,2024-01-01 11:48:12,2024-01-01 11:48:13,223.48,False,0.060000000000002274,2.6840833855239454
2024-01-01 11:49:00,2024-01-01 11:49:00,AMZN,BUY,223.5,2024-01-01 11:49:36,2024-01-01 11:49:37,223.6,False,-0.09999999999999432,-4.474272930648516
2024-01-01 11:50:00,2024-01-01 11:50:00,AMZN,BUY,223.59,2024-01-01 11:50:36,2024-01-01 11:50:37,223.62,False,-0.030000000000001137,-1.3417415805716328
2024-01-01 11:51:00,2024-01-01 11:51:00,AMZN,BUY,223.58,2024-01-01 11:51:28,2024-01-01 11:51:29,223.69,False,-0.10999999999998522,-4.919939171660489
2024-01-01 11:52:00,2024-01-01 11:52:00,AMZN,BUY,223.69,2024-01-01 11:52:04,2024-01-01 11:52:05,223.55,False,0.13999999999998636,6.258661540524224
2024-01-01 11:53:00,2024-01-01 11:53:00,AMZN,BUY,223.66,2024-01-01 11:53:00,2024-01-01 11:53:01,223.66,False,0.0,0.0
2024-01-01 11:54:00,2024-01-01 11:54:00,AMZN,BUY,223.91,2024-01-01 11:54:00,2024-01-01 11:54:01,223.91,False,0.0,0.0
2024-01-01 11:55:00,2024-01-01 11:55:00,AMZN,BUY,223.95,2024-01-01 11:55:23,2024-01-01 11:55:24,223.78,False,0.1699999999999875,7.590980129492633
2024-01-01 11:56:00,2024-01-01 11:56:00,AMZN,BUY,223.83,2024-01-01 11:56:00,2024-01-01 11:56:01,223.83,False,0.0,0.0
2024-01-01 11:57:00,2024-01-01 11:57:00,AMZN,BUY,223.92,2024-01-01 11:57:03,2024-01-01 11:57:04,223.92,False,0.0,0.0
2024-01-01 11:58:00,2024-01-01 11:58:00,AMZN,BUY,223.95,2024-01-01 11:58:09,2024-01-01 11:58:10,224.05,False,-0.10000000000002274,-4.465282429114657
2024-01-01 11:59:00,2024-01-01 11:59:00,AMZN,BUY,224.0,2024-01-01 11:59:02,2024-01-01 11:59:03,224.01,False,-0.009999999999990905,-0.4464285714281654
2024-01-01 12:00:00,2024-01-01 12:00:00,AMZN,BUY,223.86,2024-01-01 12:00:00,2024-01-01 12:00:01,223.86,False,0.0,0.0
2024-01-01 12:01:00,2024-01-01 12:01:00,AMZN,BUY,223.95,2024-01-01 12:01:18,2024-01-01 12:01:19,223.89,False,0.060000000000002274,2.6791694574682867
2024-01-01 12:02:00,2024-01-01 12:02:00,AMZN,BUY,223.91,2024-01-01 12:02:22,2024-01-01 12:02:23,223.93,False,-0.020000000000010232,-0.8932160242959328
2024-01-01 12:03:00,2024-01-01 12:03:00,AMZN,BUY,223.89,2024-01-01 12:03:18,2024-01-01 12:03:19,223.7,False,0.18999999999999773,8.486310241636417
2024-01-01 12:04:00,2024-01-01 12:04:00,AMZN,BUY,223.65,2024-01-01 12:04:06,2024-01-01 12:04:07,223.63,False,0.020000000000010232,0.8942544153816334
2024-01-01 12:05:00,2024-01-01 12:05:00,AMZN,BUY,223.72,2024-01-01 12:05:06,2024-01-01 12:05:07,223.68,False,0.03999999999999204,1.7879492222417328
2024-01-01 12:06:00,2024-01-01 12:06:00,AMZN,BUY,223.5,2024-01-01 12:06:00,2024-01-01 12:06:01,223.5,False,0.0,0.0
2024-01-01 12:07:00,2024-01-01 12:07:00,AMZN,BUY,223.52,2024-01-01 12:07:37,2024-01-01 12:07:38,223.51,False,0.010000000000019327,0.4473872584117451
2024-01-01 12:08:00,2024-01-01 12:08:00,AMZN,BUY,223.59,2024-01-01 12:08:01,2024-01-01 12:08:02,223.61,False,-0.020000000000010232,-0.894494387048179
2024-01-01 12:09:00,2024-01-01 12:09:00,AMZN,BUY,223.67,2024-01-01 12:09:29,2024-01-01 12:09:30,223.76,False,-0.09000000000000341,-4.023785040461547
2024-01-01 12:10:00,2024-01-01 12:10:00,AMZN,BUY,223.73,2024-01-01 12:10:41,2024-01-01 12:10:42,223.83,False,-0.10000000000002274,-4.4696732668852075
2024-01-01 12:11:00,2024-01-01 12:11:00,AMZN,BUY,223.8,2024-01-01 12:11:24,2024-01-01 12:11:25,223.83,False,-0.030000000000001137,-1.3404825737265924
2024-01-01 12:12:00,2024-01-01 12:12:00,AMZN,BUY,223.91,2024-01-01 12:12:01,2024-01-01 12:12:02,223.83,False,0.07999999999998408,3.5728640971811925
2024-01-01 12:13:00,2024-01-01 12:13:00,AMZN,BUY,223.87,2024-01-01 12:13:03,2024-01-01 12:13:04,223.83,False,0.03999999999999204,1.786751239558317
2024-01-01 12:14:00,2024-01-01 12:14:00,AMZN,BUY,223.79,2024-01-01 12:14:19,2024-01-01 12:14:20,223.62,False,0.1699999999999875,7.596407346172192
2024-01-01 12:15:00,2024-01-01 12:15:00,AMZN,BUY,223.71,2024-01-01 12:15:03,2024-01-01 12:15:04,223.67,False,0.040000000000020464,1.7880291448759762
2024-01-01 12:16:00,2024-01-01 12:16:00,AMZN,BUY,223.51,2024-01-01 12:16:00,2024-01-01 12:16:01,223.49,False,0.01999999999998181,0.8948145496837641
2024-01-01 12:17:00,2024-01-01 12:17:00,AMZN,BUY,223.46,2024-01-01 12:17:01,2024-01-01 12:17:02,223.46,False,0.0,0.0
2024-01-01 12:18:00,2024-01-01 12:18:00,AMZN,BUY,223.67,2024-01-01 12:18:12,2024-01-01 12:18:13,223.68,False,-0.010000000000019327,-0.44708722671879675
2024-01-01 12:19:00,2024-01-01 12:19:00,AMZN,BUY,223.6,2024-01-01 12:19:01,2024-01-01 12:19:02,223.6,False,0.0,0.0
2024-01-01 12:20:00,2024-01-01 12:20:00,AMZN,BUY,223.73,2024-01-01 12:20:05,2024-01-01 12:20:06,223.72,False,0.009999999999990905,0.4469673266880126
2024-01-01 12:21:00,2024-01-01 12:21:00,AMZN,BUY,223.75,2024-01-01 12:21:05,2024-01-01 12:21:06,223.7,False,0.05000000000001137,2.234636871508888
2024-01-01 12:22:00,2024-01-01 12:22:00,AMZN,BUY,223.51,2024-01-01 12:22:30,2024-01-01 12:22:31,223.68,False,-0.17000000000001592,-7.605923672319625
2024-01-01 12:23:00,2024-01-01 12:23:00,AMZN,BUY,223.53,2024-01-01 12:23:00,2024-01-01 12:23:01,223.53,False,0.0,0.0
2024-01-01 12:24:00,2024-01-01 12:24:00,AMZN,BUY,223.38,2024-01-01 12:24:00,2024-01-01 12:24:01,223.38,False,0.0,0.0
2024-01-01 12:25:00,2024-01-01 12:25:00,AMZN,BUY,222.84,2024-01-01 12:25:00,2024-01-01 12:25:01,222.84,False,0.0,0.0
2024-01-01 12:26:00,2024-01-01 12:26:00,AMZN,BUY,222.38,2024-01-01 12:26:00,2024-01-01 12:26:01,222.38,False,0.0,0.0
2024-01-01 12:27:00,2024-01-01 12:27:00,AMZN,BUY,222.26,2024-01-01 12:27:02,2024-01-01 12:27:03,222.19,False,0.06999999999999318,3.14946459101922
2024-01-01 12:28:00,2024-01-01 12:28:00,AMZN,BUY,222.28,2024-01-01 12:28:01,2024-01-01 12:28:02,222.28,False,0.0,0.0
2024-01-01 12:29:00,2024-01-01 12:29:00,AMZN,BUY,222.05,2024-01-01 12:29:00,2024-01-01 12:29:01,222.03,False,0.020000000000010232,0.9006980409822216
2024-01-01 12:30:00,2024-01-01 12:30:00,AMZN,BUY,222.19,2024-01-01 12:30:10,2024-01-01 12:30:11,222.22,False,-0.030000000000001137,-1.3501957783879175
2024-01-01 12:31:00,2024-01-01 12:31:00,AMZN,BUY,222.2,2024-01-01 12:31:15,2024-01-01 12:31:16,222.31,False,-0.11000000000001364,-4.950495049505564
2024-01-01 12:32:00,2024-01-01 12:32:00,AMZN,BUY,222.6,2024-01-01 12:32:09,2024-01-01 12:32:10,222.63,False,-0.030000000000001137,-1.3477088948787572
2024-01-01 12:33:00,2024-01-01 12:33:00,AMZN,BUY,222.54,2024-01-01 12:33:12,2024-01-01 12:33:13,222.54,False,0.0,0.0
2024-01-01 12:34:00,2024-01-01 12:34:00,AMZN,BUY,222.44,2024-01-01 12:34:38,2024-01-01 12:34:39,222.49,False,-0.05000000000001137,-2.2477971587849024
2024-01-01 12:35:00,2024-01-01 12:35:00,AMZN,BUY,222.64,2024-01-01 12:35:04,2024-01-01 12:35:05,222.67,False,-0.030000000000001137,-1.3474667624865764
2024-01-01 12:36:00,2024-01-01 12:36:00,AMZN,BUY,222.64,2024-01-01 12:36:00,2024-01-01 12:36:01,222.64,False,0.0,0.0
2024-01-01 12:37:00,2024-01-01 12:37:00,AMZN,BUY,222.64,2024-01-01 12:37:00,2024-01-01 12:37:01,222.62,False,0.01999999999998181,0.8983111749902
2024-01-01 12:38:00,2024-01-01 12:38:00,AMZN,BUY,222.6,2024-01-01 12:38:09,2024-01-01 12:38:10,222.6,False,0.0,0.0
2024-01-01 12:39:00,2024-01-01 12:39:00,AMZN,BUY,222.45,2024-01-01 12:39:02,2024-01-01 12:39:03,222.45,False,0.0,0.0
2024-01-01 12:40:00,2024-01-01 12:40:00,AMZN,BUY,222.54,2024-01-01 12:40:46,2024-01-01 12:40:47,222.5,False,0.03999999999999204,1.7974296755635861
2024-01-01 12:41:00,2024-01-01 12:41:00,AMZN,BUY,222.54,2024-01-01 12:41:14,2024-01-01 12:41:15,222.53,False,0.009999999999990905,0.44935741889057723
2024-01-01 12:42:00,2024-01-01 12:42:00,AMZN,BUY,222.43,2024-01-01 12:42:00,2024-01-01 12:42:01,222.43,False,0.0,0.0
2024-01-01 12:43:00,2024-01-01 12:43:00,AMZN,BUY,222.65,2024-01-01 12:43:54,2024-01-01 12:43:55,222.59,False,0.060000000000002274,2.6948124859646203
2024-01-01 12:44:00,2024-01-01 12:44:00,AMZN,BUY,222.54,2024-01-01 12:44:03,2024-01-01 12:44:04,222.41,False,0.12999999999999545,5.8416464455826125
2024-01-01 12:45:00,2024-01-01 12:45:00,AMZN,BUY,222.38,2024-01-01 12:45:19,2024-01-01 12:45:20,222.39,False,-0.009999999999990905,-0.4496807266836454
2024-01-01 12:46:00,2024-01-01 12:46:00,AMZN,BUY,222.53,2024-01-01 12:46:06,2024-01-01 12:46:07,222.6,False,-0.06999999999999318,-3.1456432840512822
2024-01-01 12:47:00,2024-01-01 12:47:00,AMZN,BUY,222.68,2024-01-01 12:47:10,2024-01-01 12:47:11,222.66,False,0.020000000000010232,0.8981498113889991
2024-01-01 12:48:00,2024-01-01 12:48:00,AMZN,BUY,222.64,2024-01-01 12:48:06,2024-01-01 12:48:07,222.64,False,0.0,0.0
2024-01-01 12:49:00,2024-01-01 12:49:00,AMZN,BUY,222.32,2024-01-01 12:49:04,2024-01-01 12:49:05,222.37,False,-0.05000000000001137,-2.2490104354089318
2024-01-01 12:50:00,2024-01-01 12:50:00,AMZN,BUY,222.38,2024-01-01 12:50:13,2024-01-01 12:50:14,222.38,False,0.0,0.0
2024-01-01 12:51:00,2024-01-01 12:51:00,AMZN,BUY,222.38,,2024-01-01 12:51:59,222.54,True,-0.1599999999999966,-7.194891626944717
2024-01-01 12:52:00,2024-01-01 12:52:00,AMZN,BUY,222.54,2024-01-01 12:52:26,2024-01-01 12:52:27,222.62,False,-0.0800000000000125,-3.594859351128449
2024-01-01 12:53:00,2024-01-01 12:53:00,AMZN,BUY,222.6,2024-01-01 12:53:22,2024-01-01 12:53:23,222.54,False,0.060000000000002274,2.6954177897575144
2024-01-01 12:54:00,2024-01-01 12:54:00,AMZN,BUY,222.82,2024-01-01 12:54:02,2024-01-01 12:54:03,222.82,False,0.0,0.0
2024-01-01 12:55:00,2024-01-01 12:55:00,AMZN,BUY,222.66,2024-01-01 12:55:45,2024-01-01 12:55:46,222.53,False,0.12999999999999545,5.838498158627299
2024-01-01 12:56:00,2024-01-01 12:56:00,AMZN,BUY,222.66,2024-01-01 12:56:08,2024-01-01 12:56:09,222.63,False,0.030000000000001137,1.3473457289140904
2024-01-01 12:57:00,2024-01-01 12:57:00,AMZN,BUY,222.58,2024-01-01 12:57:04,2024-01-01 12:57:05,222.63,False,-0.04999999999998295,-2.246383322849445
2024-01-01 12:58:00,2024-01-01 12:58:00,AMZN,BUY,222.63,2024-01-01 12:58:14,2024-01-01 12:58:15,222.62,False,0.009999999999990905,0.44917576247544827
2024-01-01 12:59:00,2024-01-01 12:59:00,AMZN,BUY,222.67,2024-01-01 12:59:55,2024-01-01 12:59:56,222.72,False,-0.05000000000001137,-2.2454753671357333
2024-01-01 13:00:00,2024-01-01 13:00:00,AMZN,BUY,222.71,2024-01-01 13:00:05,2024-01-01 13:00:06,222.66,False,0.05000000000001137,2.245072066813855
2024-01-01 13:01:00,2024-01-01 13:01:00,AMZN,BUY,222.66,2024-01-01 13:01:14,2024-01-01 13:01:15,222.59,False,0.06999999999999318,3.143806700799119
2024-01-01 13:02:00,2024-01-01 13:02:00,AMZN,BUY,222.59,2024-01-01 13:02:09,2024-01-01 13:02:10,222.72,False,-0.12999999999999545,-5.840334246821306
2024-01-01 13:03:00,2024-01-01 13:03:00,AMZN,BUY,222.77,2024-01-01 13:03:05,2024-01-01 13:03:06,222.73,False,0.040000000000020464,1.7955739103120019
2024-01-01 13:04:00,2024-01-01 13:04:00,AMZN,BUY,222.71,2024-01-01 13:04:47,2024-01-01 13:04:48,222.7,False,0.010000000000019327,0.44901441336353676
2024-01-01 13:05:00,2024-01-01 13:05:00,AMZN,BUY,222.76,2024-01-01 13:05:15,2024-01-01 13:05:16,222.76,False,0.0,0.0
2024-01-01 13:06:00,2024-01-01 13:06:00,AMZN,BUY,222.82,2024-01-01 13:06:13,2024-01-01 13:06:14,222.82,False,0.0,0.0
2024-01-01 13:07:00,2024-01-01 13:07:00,AMZN,BUY,222.77,,2024-01-01 13:07:59,222.74,True,0.030000000000001137,1.3466804327333635
2024-01-01 13:08:00,2024-01-01 13:08:00,AMZN,BUY,222.74,2024-01-01 13:08:42,2024-01-01 13:08:43,222.79,False,-0.04999999999998295,-2.244769686629386
2024-01-01 13:09:00,2024-01-01 13:09:00,AMZN,BUY,222.81,2024-01-01 13:09:18,2024-01-01 13:09:19,222.84,False,-0.030000000000001137,-1.3464386697186455
2024-01-01 13:10:00,2024-01-01 13:10:00,AMZN,BUY,222.84,2024-01-01 13:10:05,2024-01-01 13:10:06,222.84,False,0.0,0.0
2024-01-01 13:11:00,2024-01-01 13:11:00,AMZN,BUY,222.8,2024-01-01 13:11:03,2024-01-01 13:11:04,222.79,False,0.010000000000019327,0.44883303411217806
2024-01-01 13:12:00,2024-01-01 13:12:00,AMZN,BUY,222.72,2024-01-01 13:12:31,2024-01-01 13:12:32,222.74,False,-0.020000000000010232,-0.8979885057475858
2024-01-01 13:13:00,2024-01-01 13:13:00,AMZN,BUY,222.67,2024-01-01 13:13:10,2024-01-01 13:13:11,222.6,False,0.06999999999999318,3.1436655139890055
2024-01-01 13:14:00,2024-01-01 13:14:00,AMZN,BUY,222.66,2024-01-01 13:14:02,2024-01-01 13:14:03,222.6,False,0.060000000000002274,2.694691457828181
2024-01-01 13:15:00,2024-01-01 13:15:00,AMZN,BUY,222.64,2024-01-01 13:15:43,2024-01-01 13:15:44,222.72,False,-0.0800000000000125,-3.5932446999646293
2024-01-01 13:16:00,2024-01-01 13:16:00,AMZN,BUY,222.78,2024-01-01 13:16:03,2024-01-01 13:16:04,222.77,False,0.009999999999990905,0.44887332794644513
2024-01-01 13:17:00,2024-01-01 13:17:00,AMZN,BUY,222.84,2024-01-01 13:17:06,2024-01-01 13:17:07,222.84,False,0.0,0.0
2024-01-01 13:18:00,2024-01-01 13:18:00,AMZN,BUY,222.91,2024-01-01 13:18:17,2024-01-01 13:18:18,222.99,False,-0.0800000000000125,-3.588892378090373
2024-01-01 13:19:00,2024-01-01 13:19:00,AMZN,BUY,222.83,2024-01-01 13:19:08,2024-01-01 13:19:09,222.76,False,0.0700000000000216,3.141408248441484
2024-01-01 13:20:00,2024-01-01 13:20:00,AMZN,BUY,222.67,2024-01-01 13:20:03,2024-01-01 13:20:04,222.56,False,0.10999999999998522,4.940045807696826
2024-01-01 13:21:00,2024-01-01 13:21:00,AMZN,BUY,222.64,2024-01-01 13:21:00,2024-01-01 13:21:01,222.64,False,0.0,0.0
2024-01-01 13:22:00,2024-01-01 13:22:00,AMZN,BUY,222.76,2024-01-01 13:22:05,2024-01-01 13:22:06,222.75,False,0.009999999999990905,0.44891362901736875
2024-01-01 13:23:00,2024-01-01 13:23:00,AMZN,BUY,223.05,2024-01-01 13:23:18,2024-01-01 13:23:19,223.04,False,0.010000000000019327,0.44832997085941834
2024-01-01 13:24:00,2024-01-01 13:24:00,AMZN,BUY,223.01,2024-01-01 13:24:05,2024-01-01 13:24:06,222.97,False,0.03999999999999204,1.7936415407377266
2024-01-01 13:25:00,2024-01-01 13:25:00,AMZN,BUY,222.69,2024-01-01 13:25:00,2024-01-01 13:25:01,222.69,False,0.0,0.0
2024-01-01 13:26:00,2024-01-01 13:26:00,AMZN,BUY,222.73,,2024-01-01 13:26:59,222.71,True,0.01999999999998181,0.8979481883887133
2024-01-01 13:27:00,2024-01-01 13:27:00,AMZN,BUY,222.71,2024-01-01 13:27:44,2024-01-01 13:27:45,222.59,False,0.12000000000000455,5.3881729603522315
2024-01-01 13:28:00,2024-01-01 13:28:00,AMZN,BUY,222.57,2024-01-01 13:28:56,2024-01-01 13:28:57,222.63,False,-0.060000000000002274,-2.695781102574573
2024-01-01 13:29:00,2024-01-01 13:29:00,AMZN,BUY,222.64,2024-01-01 13:29:18,2024-01-01 13:29:19,222.6,False,0.03999999999999204,1.7966223499816765
2024-01-01 13:30:00,2024-01-01 13:30:00,AMZN,BUY,222.59,2024-01-01 13:30:04,2024-01-01 13:30:05,222.53,False,0.060000000000002274,2.6955388831484917
2024-01-01 13:31:00,2024-01-01 13:31:00,AMZN,BUY,222.77,2024-01-01 13:31:29,2024-01-01 13:31:30,222.89,False,-0.11999999999997613,-5.3867217309321775
2024-01-01 13:32:00,2024-01-01 13:32:00,AMZN,BUY,222.69,2024-01-01 13:32:01,2024-01-01 13:32:02,222.62,False,0.06999999999999318,3.1433831784091417
2024-01-01 13:33:00,2024-01-01 13:33:00,AMZN,BUY,222.68,2024-01-01 13:33:00,2024-01-01 13:33:01,222.68,False,0.0,0.0
2024-01-01 13:34:00,2024-01-01 13:34:00,AMZN,BUY,222.64,2024-01-01 13:34:05,2024-01-01 13:34:06,222.52,False,0.11999999999997613,5.38986704994503
2024-01-01 13:35:00,2024-01-01 13:35:00,AMZN,BUY,222.6,2024-01-01 13:35:22,2024-01-01 13:35:23,222.51,False,0.09000000000000341,4.043126684636272
2024-01-01 13:36:00,2024-01-01 13:36:00,AMZN,BUY,222.56,2024-01-01 13:36:09,2024-01-01 13:36:10,222.54,False,0.020000000000010232,0.8986340762046294
2024-01-01 13:37:00,2024-01-01 13:37:00,AMZN,BUY,222.41,2024-01-01 13:37:12,2024-01-01 13:37:13,222.39,False,0.020000000000010232,0.8992401420804025
2024-01-01 13:38:00,2024-01-01 13:38:00,AMZN,BUY,222.22,2024-01-01 13:38:15,2024-01-01 13:38:16,222.34,False,-0.12000000000000455,-5.4000540005402105
2024-01-01 13:39:00,2024-01-01 13:39:00,AMZN,BUY,222.42,2024-01-01 13:39:17,2024-01-01 13:39:18,222.33,False,0.08999999999997499,4.04639870515129
2024-01-01 13:40:00,2024-01-01 13:40:00,AMZN,BUY,222.2,2024-01-01 13:40:19,2024-01-01 13:40:20,222.24,False,-0.040000000000020464,-1.8001800180027212
2024-01-01 13:41:00,2024-01-01 13:41:00,AMZN,BUY,221.9,2024-01-01 13:41:05,2024-01-01 13:41:06,221.76,False,0.14000000000001478,6.309148264984893
2024-01-01 13:42:00,2024-01-01 13:42:00,AMZN,BUY,221.73,2024-01-01 13:42:31,2024-01-01 13:42:32,221.91,False,-0.18000000000000682,-8.117981328643252
2024-01-01 13:43:00,2024-01-01 13:43:00,AMZN,BUY,222.15,2024-01-01 13:43:03,2024-01-01 13:43:04,222.11,False,0.03999999999999204,1.8005851901864522
2024-01-01 13:44:00,2024-01-01 13:44:00,AMZN,BUY,222.04,2024-01-01 13:44:22,2024-01-01 13:44:23,221.98,False,0.060000000000002274,2.7022158169700177
2024-01-01 13:45:00,2024-01-01 13:45:00,AMZN,BUY,221.96,2024-01-01 13:45:12,2024-01-01 13:45:13,222.02,False,-0.060000000000002274,-2.7031897639215297
2024-01-01 13:46:00,2024-01-01 13:46:00,AMZN,BUY,222.12,2024-01-01 13:46:20,2024-01-01 13:46:21,222.12,False,0.0,0.0
2024-01-01 13:47:00,2024-01-01 13:47:00,AMZN,BUY,222.04,2024-01-01 13:47:03,2024-01-01 13:47:04,222.04,False,0.0,0.0
2024-01-01 13:48:00,2024-01-01 13:48:00,AMZN,BUY,222.11,2024-01-01 13:48:05,2024-01-01 13:48:06,222.11,False,0.0,0.0
2024-01-01 13:49:00,2024-01-01 13:49:00,AMZN,BUY,221.92,2024-01-01 13:49:10,2024-01-01 13:49:11,221.88,False,0.03999999999999204,1.8024513338136285
2024-01-01 13:50:00,2024-01-01 13:50:00,AMZN,BUY,221.78,2024-01-01 13:50:20,2024-01-01 13:50:21,221.74,False,0.03999999999999204,1.803589142393004
2024-01-01 13:51:00,2024-01-01 13:51:00,AMZN,BUY,221.69,2024-01-01 13:51:00,2024-01-01 13:51:01,221.69,False,0.0,0.0
2024-01-01 13:52:00,2024-01-01 13:52:00,AMZN,BUY,221.85,2024-01-01 13:52:03,2024-01-01 13:52:04,221.85,False,0.0,0.0
2024-01-01 13:53:00,2024-01-01 13:53:00,AMZN,BUY,221.89,2024-01-01 13:53:00,2024-01-01 13:53:01,221.89,False,0.0,0.0
2024-01-01 13:54:00,2024-01-01 13:54:00,AMZN,BUY,221.89,2024-01-01 13:54:53,2024-01-01 13:54:54,221.98,False,-0.09000000000000341,-4.056063815404183
2024-01-01 13:55:00,2024-01-01 13:55:00,AMZN,BUY,222.05,2024-01-01 13:55:05,2024-01-01 13:55:06,221.99,False,0.060000000000002274,2.702094122945385
2024-01-01 13:56:00,2024-01-01 13:56:00,AMZN,BUY,221.93,2024-01-01 13:56:16,2024-01-01 13:56:17,221.96,False,-0.030000000000001137,-1.3517775875276499
2024-01-01 13:57:00,2024-01-01 13:57:00,AMZN,BUY,221.97,2024-01-01 13:57:01,2024-01-01 13:57:02,221.97,False,0.0,0.0
2024-01-01 13:58:00,2024-01-01 13:58:00,AMZN,BUY,222.01,2024-01-01 13:58:06,2024-01-01 13:58:07,221.99,False,0.01999999999998181,0.9008603216063156
2024-01-01 13:59:00,2024-01-01 13:59:00,AMZN,BUY,221.91,2024-01-01 13:59:00,2024-01-01 13:59:01,221.91,False,0.0,0.0
